SiteId,SiteName,PlateName,SiteUrl
91352,新闻-福州社会,福州新闻网,http://news.fznews.com.cn/shehui/more/
91353,新闻-福建新闻,福州新闻网,http://news.fznews.com.cn/dsxw/more/
91354,新闻-科教文卫,福州新闻网,http://news.fznews.com.cn/kjww/more/
91355,新闻-财经,福州新闻网,http://news.fznews.com.cn/fzjj/more/
91357,新闻-国内,福州新闻网,http://news.fznews.com.cn/guonei/more/
91358,新闻-国际,福州新闻网,http://news.fznews.com.cn/guoji/more/
91359,新闻-台湾新闻,福州新闻网,http://news.fznews.com.cn/taigangao/more/
91364,新闻-政务,福州新闻网,http://news.fznews.com.cn/zhengwu/more/
91365,福州要闻,福州新闻网,http://news.fznews.com.cn/fuzhou/more/
91366,即时信息,福州新闻网,http://news.fznews.com.cn/jsxx/more/
91368,新华社记者看福州,福州新闻网,http://news.fznews.com.cn/xhsjzkfz/more/
91377,企业-企业资讯,福州新闻网,http://news.fznews.com.cn/qy/more.php?cid=14
91378,企业-政策法规,福州新闻网,http://news.fznews.com.cn/qy/more.php?cid=6
91379,企业-高端访谈,福州新闻网,http://news.fznews.com.cn/qy/more.php?cid=8
91380,企业-商道,福州新闻网,http://news.fznews.com.cn/qy/more.php?cid=5
91381,企业-特别策划,福州新闻网,http://news.fznews.com.cn/qy/more.php?cid=3
91382,企业-展会资讯,福州新闻网,http://news.fznews.com.cn/qy/more.php?cid=12
91383,企业-产品,福州新闻网,http://news.fznews.com.cn/qy/more.php?cid=11
91384,企业-公司展示,福州新闻网,http://news.fznews.com.cn/qy/more.php?cid=10
91385,企业-招聘,福州新闻网,http://news.fznews.com.cn/qy/more.php?cid=9
91386,企业-招商引资,福州新闻网,http://news.fznews.com.cn/qy/more.php?cid=4
91399,健康-健康快讯,福州新闻网,http://health.fznews.com.cn/jkkx/
91400,健康-政策信息,福州新闻网,http://health.fznews.com.cn/zcxx/
91401,健康-疾控预防,福州新闻网,http://health.fznews.com.cn/jkyf/
91402,健康-医事播报,福州新闻网,http://health.fznews.com.cn/ysbb/
91403,健康-寻医问药,福州新闻网,http://health.fznews.com.cn/xywy/
91404,健康-男性,福州新闻网,http://health.fznews.com.cn/man/
91405,健康-儿童,福州新闻网,http://health.fznews.com.cn/child/
91406,健康-女性,福州新闻网,http://health.fznews.com.cn/women/
91407,健康-老年,福州新闻网,http://health.fznews.com.cn/oldman/
91408,健康-母婴健康,福州新闻网,http://health.fznews.com.cn/myjk/
91409,健康-饮食健康,福州新闻网,http://health.fznews.com.cn/ysjk/
91410,健康-心理健康,福州新闻网,http://health.fznews.com.cn/xljk/
91411,健康-保健养身,福州新闻网,http://health.fznews.com.cn/bjys/
91412,健康-两性健康,福州新闻网,http://health.fznews.com.cn/lxjk/
91413,健康-时尚健康,福州新闻网,http://health.fznews.com.cn/ssjk/
91426,汽车-买车,福州新闻网,http://auto.fznews.com.cn/#
91430,科技-科技新闻,福州新闻网,http://keji.fznews.com.cn/NewsList.aspx?ClassID=6
91431,科技-科技成果,福州新闻网,http://keji.fznews.com.cn/KJCGList.aspx
91437,榕商-福州要讯,福州新闻网,http://biz.fznews.com.cn/more.php?id=1814
91438,榕商-市工商联,福州新闻网,http://biz.fznews.com.cn/more.php?id=5240
91439,榕商-热点关注,福州新闻网,http://biz.fznews.com.cn/more.php?id=5243
91441,榕商-异地商会,福州新闻网,http://biz.fznews.com.cn/more.php?id=1850
91442,榕商-行业商会,福州新闻网,http://biz.fznews.com.cn/more.php?id=6234
91456,旅游-旅游热点,福州新闻网,http://travel.fznews.com.cn/more.asp?channelname=%C2%C3%D3%CE%C8%C8%B5%E3
91457,旅游-台港澳风光,福州新闻网,http://travel.fznews.com.cn/more.asp?channelname=%CC%A8%B8%DB%B0%C4%B7%E7%B9%E2
91458,旅游-旅游资讯,福州新闻网,http://travel.fznews.com.cn/more.asp?channelname=%C2%C3%D3%CE%D7%CA%D1%B6
91459,旅游-旅游互动,福州新闻网,http://travel.fznews.com.cn/more.asp?channelname=%C2%C3%D3%CE%BB%A5%B6%AF
91460,旅游-走遍福州,福州新闻网,http://travel.fznews.com.cn/more.asp?channelname=%D7%DF%B1%E9%B8%A3%D6%DD
91462,旅游-龙游天下,福州新闻网,http://travel.fznews.com.cn/more.asp?channelname=%C1%FA%D3%CE%CC%EC%CF%C2
91470,文化-文化动态,福州新闻网,http://fuzhou.fznews.com.cn/more.asp?channelname=%CE%C4%BB%AF%B6%AF%CC%AC
91518,音乐天地,碧海银沙,http://zjphoto.yinsha.com/php/more.php?project=11
91539,摩登搭配,碧海银沙,http://yoka.yinsha.com/fashion/edittj/
91540,热门单品,碧海银沙,http://yoka.yinsha.com/fashion/windows/
91541,潮流情报,碧海银沙,http://yoka.yinsha.com/fashion/popinfo/
91543,明星衣品,碧海银沙,http://yoka.yinsha.com/fashion/starwear/
91570,新闻头条,碧海银沙,http://yinsha.caijing.com.cn/headline/
91571,每日要闻,碧海银沙,http://yinsha.caijing.com.cn/dailynews/
91572,热评,碧海银沙,http://comments.caijing.com.cn/hottopics/
91573,观点,碧海银沙,http://comments.caijing.com.cn/review/
91574,全球经济学家,碧海银沙,http://comments.caijing.com.cn/economist/
91576,媒体评论,碧海银沙,http://comments.caijing.com.cn/mediacommentary/
91579,专题列表,碧海银沙,http://yinsha.caijing.com.cn/2008/topiclist/
91583,区域,碧海银沙,http://economy.caijing.com.cn/region/
91585,数据,碧海银沙,http://economy.caijing.com.cn/data/
91588,专栏,碧海银沙,http://yinsha.caijing.com.cn/newcolumn/
91594,上市公司,碧海银沙,http://finance.caijing.com.cn/company/
91599,科技,碧海银沙,http://industry.caijing.com.cn/technology/
91601,汽车,碧海银沙,http://industry.caijing.com.cn/auto/
91603,航空,碧海银沙,http://industry.caijing.com.cn/aviations/
91604,交通,碧海银沙,http://industry.caijing.com.cn/traffic/
91605,食品,碧海银沙,http://industry.caijing.com.cn/food/
91607,消费品,碧海银沙,http://industry.caijing.com.cn/consumption/
91608,综合,碧海银沙,http://industry.caijing.com.cn/industrys/
91609,政策,碧海银沙,http://estate.caijing.com.cn/policy/
91610,市场,碧海银沙,http://estate.caijing.com.cn/market/
91613,企业,碧海银沙,http://estate.caijing.com.cn/company/
91616,每日要闻政经,碧海银沙,http://politics.caijing.com.cn/politicanews/
91619,环境,碧海银沙,http://politics.caijing.com.cn/environment/
91622,每日要闻海外,碧海银沙,http://overseas.caijing.com.cn/overseasnews/
91623,时政,碧海银沙,http://overseas.caijing.com.cn/overseepol/
91624,财经,碧海银沙,http://overseas.caijing.com.cn/overseebiz/
91625,科技,碧海银沙,http://overseas.caijing.com.cn/overseetech/
91627,滚动新闻,碧海银沙,http://overseas.caijing.com.cn/index-scroll.html
91638,新闻-时评,鲁中网,http://news.lznews.cn/XINWENSHIPING/
91646,新闻-体育,鲁中网,http://news.lznews.cn/tiyu/
91648,图片-原创,鲁中网,http://photo.lznews.cn/photo/
91657,东营-新闻,鲁中网,http://www.lznews.cn/news/luzhong/dongying/
91668,健康-医改,鲁中网,http://health.lznews.cn/yigai/
91669,健康-奇闻,鲁中网,http://health.lznews.cn/qiwen/
91670,健康-热讯,鲁中网,http://health.lznews.cn/hot/
91671,健康-曝光,鲁中网,http://health.lznews.cn/baoguang/
91673,健康-饮食,鲁中网,http://health.lznews.cn/yangshen/yinshi/shipin/
91674,健康-减肥,鲁中网,http://health.lznews.cn/zhengxing/meiti/
91677,健康-偏方,鲁中网,http://health.lznews.cn/goodidea/pianfang/
91678,健康-男性,鲁中网,http://health.lznews.cn/nanren/nanxing/
91679,健康-女性,鲁中网,http://health.lznews.cn/nvren/nvxing/
91681,健康-孕婴,鲁中网,http://health.lznews.cn/yunying/yuer/
91682,健康-两性,鲁中网,http://health.lznews.cn/liangxing/xingai/
91683,健康-心理,鲁中网,http://health.lznews.cn/phschology/zhichang/
91690,健康-保健,鲁中网,http://health.lznews.cn/yangshen/baojian/
91692,健康-明星,鲁中网,http://health.lznews.cn/zhengxing/mingxing/
91693,健康-耳鼻喉,鲁中网,http://health.lznews.cn/#
91699,房产-政策法规,鲁中网,http://house.lznews.cn/index.php?m=content&c=index&a=lists&catid=22
91700,房产-租房指南,鲁中网,http://house.lznews.cn/index.php?m=content&c=index&a=lists&catid=33
91701,房产-购房攻略,鲁中网,http://house.lznews.cn/index.php?m=content&c=index&a=lists&catid=32
91702,房产-家居风水,鲁中网,http://house.lznews.cn/index.php?m=content&c=index&a=lists&catid=34
91703,房产-装修技巧,鲁中网,http://house.lznews.cn/index.php?m=content&c=index&a=lists&catid=35
91734,大众网-山东-菏泽,鲁中网,http://sd.dzwww.com/heze/
91737,大众网-山东-潍坊,鲁中网,http://sd.dzwww.com/weifang/
91742,大众网-要闻-国际,鲁中网,http://www.dzwww.com/xinwen/guojixinwen/
91744,大众网-要闻-视窗,鲁中网,http://www.dzwww.com/synr/dzsc/
91745,大众网-体育-热点聚焦,鲁中网,http://sports.dzwww.com/rdjj/
91747,大众网-体育-山东男篮,鲁中网,http://sports.dzwww.com/basketball/sdnl/
91748,大众网-体育-国内足球,鲁中网,http://sports.dzwww.com/china/rdjj/
91749,大众网-体育-国际足球,鲁中网,http://sports.dzwww.com/global/gjzq/
91750,大众网-体育-NBA,鲁中网,http://sports.dzwww.com/basketball/nba/
91751,大众网-体育-体坛花絮,鲁中网,http://sports.dzwww.com/tthx/
91752,大众网-体育-国内篮球,鲁中网,http://sports.dzwww.com/basketball/gnlq/
91753,大众网-体育-综合体育,鲁中网,http://sports.dzwww.com/zhty/rdjj/
91754,大众网-娱乐-内地新闻,鲁中网,http://ent.dzwww.com/nd/
91755,大众网-娱乐-港台新闻,鲁中网,http://ent.dzwww.com/gt/
91756,大众网-娱乐-欧美新闻,鲁中网,http://ent.dzwww.com/om/
91757,大众网-娱乐-日韩新闻,鲁中网,http://ent.dzwww.com/rh/
91758,大众网-娱乐-音乐,鲁中网,http://ent.dzwww.com/yy/
91761,大众网-娱乐-综艺,鲁中网,http://ent.dzwww.com/zy/
91762,大众网-娱乐-评论,鲁中网,http://ent.dzwww.com/pl/
91763,大众网-女性-女性要闻,鲁中网,http://lady.dzwww.com/yw/
91765,大众网-女性-内衣,鲁中网,http://lady.dzwww.com/ny/
91766,大众网-女性-情感,鲁中网,http://lady.dzwww.com/sex/
91767,大众网-女性-星座,鲁中网,http://lady.dzwww.com/astro/
91770,大众网-女性-美发,鲁中网,http://lady.dzwww.com/mf/
91773,大众网-女性-OL,鲁中网,http://lady.dzwww.com/ol/
91774,大众网-女性-新娘,鲁中网,http://lady.dzwww.com/xn/
91776,大众网-女性-时尚,鲁中网,http://lady.dzwww.com/lh/
91779,大众网-教育,鲁中网,http://edu.dzwww.com/
91781,大众网-健康,鲁中网,http://health.dzwww.com/
91784,专题关注,洛阳网,http://news.lyd.com.cn/zhuanti/index.shtml
91785,洛阳社会,洛阳网,http://news.lyd.com.cn/luoyang/luoyangshehui/index.shtml
91786,洛阳时评,洛阳网,http://news.lyd.com.cn/luoyang/shiping/index.shtml
91789,区县新闻-新安,洛阳网,http://xianqu.lyd.com.cn/list.asp?xianqu=%D0%C2%B0%B2
91793,区县新闻-栾川,洛阳网,http://xianqu.lyd.com.cn/list.asp?xianqu=%E8%EF%B4%A8
91797,区县新闻-西工,洛阳网,http://xianqu.lyd.com.cn/list.asp?xianqu=%CE%F7%B9%A4
91802,社会新闻,洛阳网,http://news.lyd.com.cn/shehui/index.shtml
91803,中原聚焦,洛阳网,http://news.lyd.com.cn/zhongyuanjujiao/index.shtml
91804,财经,洛阳网,http://news.lyd.com.cn/caijing/index.shtml
91805,体育,洛阳网,http://news.lyd.com.cn/tiyu/index.shtml
91806,文萃,洛阳网,http://news.lyd.com.cn/luoyang/wencui/index.shtml
91807,教育,洛阳网,http://news.lyd.com.cn/jiaoyu/index.shtml
91808,家电,洛阳网,http://news.lyd.com.cn/tongxunjiadian/index.shtml
91810,科普,洛阳网,http://news.lyd.com.cn/kepu/index.shtml
91814,专稿-陇原聚焦,每日甘肃,http://zgao.gansudaily.com.cn/lyjj/index.shtml
91815,专稿-陇原各地,每日甘肃,http://zgao.gansudaily.com.cn/lygd/index.shtml
91829,国内-精彩图片,每日甘肃,http://china.gansudaily.com.cn/jctp/index.shtml
91833,体育-甘肃体育,每日甘肃,http://sports.gansudaily.com.cn/gsty/
91834,体育-NBA,每日甘肃,http://sports.gansudaily.com.cn/lq/nba/
91835,体育-CBA,每日甘肃,http://sports.gansudaily.com.cn/lq/cba/
91836,体育-国足,每日甘肃,http://sports.gansudaily.com.cn/zq/gz/
91837,体育-中超,每日甘肃,http://sports.gansudaily.com.cn/zq/zc/
91838,体育-女足,每日甘肃,http://sports.gansudaily.com.cn/zq/nz/
91839,体育-意甲,每日甘肃,http://sports.gansudaily.com.cn/zq/yj/
91840,体育-英超,每日甘肃,http://sports.gansudaily.com.cn/zq/yc/
91841,体育-明星,每日甘肃,http://sports.gansudaily.com.cn/gjty/mx/
91842,体育-排球,每日甘肃,http://sports.gansudaily.com.cn/gjty/pq/
91843,体育-乒乓球,每日甘肃,http://sports.gansudaily.com.cn/gjty/ppq/
91844,体育-游泳,每日甘肃,http://sports.gansudaily.com.cn/gjty/yy/
91845,体育-田径,每日甘肃,http://sports.gansudaily.com.cn/gjty/tj/
91846,体育-跳水,每日甘肃,http://sports.gansudaily.com.cn/gjty/ts/
91847,体育-体操,每日甘肃,http://sports.gansudaily.com.cn/gjty/tc/
91848,体育-体彩,每日甘肃,http://sports.gansudaily.com.cn/gjty/tcai/
91852,体育-体育评论,每日甘肃,http://sports.gansudaily.com.cn/typl/
91855,政法资讯,大渝网,http://cq.qq.com/news/CQxinwen/09cqnews/cqszxw/cqszxw.htm
91856,科普大讲堂,大渝网,http://cq.qq.com/kjhb/kpdjt/erjixw.htm
91858,榜单成果,大渝网,http://cq.qq.com/kjhb/bdcg/ejxw.htm
91861,麻辣评论,大渝网,http://cq.qq.com/CQxinwen/CQxinwenview/lapingmore.htm
91864,文体专题,大渝网,http://cq.qq.com/entcq/specialent/index.htm
91865,新闻发布会,大渝网,http://cq.qq.com/CQxinwen/special/fabu/more.htm
91868,石柱新闻,大渝网,http://cq.qq.com/ydn/2010ydn/szxw/moer.htm
91869,渝西新闻,大渝网,http://cq.qq.com/yuxi/2011yx/yxxw/more.htm
91880,重庆旅游资讯,大渝网,http://cq.qq.com/tour/tour09_cqnews/cq09.htm
91881,户外装备,大渝网,http://cq.qq.com/tour/tour09_equipment/list.htm
91883,明星家居,大渝网,http://cq.qq.com/jiaju/mx/list.htm
91885,业内装潢,大渝网,http://cq.qq.com/jiaju/jying/list.htm
91887,家居风水,大渝网,http://cq.qq.com/jiaju/fs/list.htm
91890,橱柜家具,大渝网,http://cq.qq.com/jiaju/2010/cgjj/list.htm
91891,瓷砖洁具,大渝网,http://cq.qq.com/jiaju/2010/czjj/list.htm
91892,建材地板,大渝网,http://cq.qq.com/jiaju/2010/diban/list.htm
91893,建材其他,大渝网,http://cq.qq.com/jiaju/2010/jcqt/list.htm
91894,近视,大渝网,http://cq.qq.com/2007health/aeyk/aejs/index.htm
91895,远视,大渝网,http://cq.qq.com/2007health/aeyk/aeys/index.htm
91896,散光,大渝网,http://cq.qq.com/2007health/aeyk/aesg/index.htm
91897,屈光手术,大渝网,http://cq.qq.com/2007health/aeyk/qgss/index.htm
91898,老光,大渝网,http://cq.qq.com/2007health/aeyk/aels/index.htm
91899,弱视,大渝网,http://cq.qq.com/2007health/aeyk/rs/index.htm
91900,小儿眼科,大渝网,http://cq.qq.com/2007health/aeyk/xeyk/index.htm
91901,角膜病,大渝网,http://cq.qq.com/2007health/aeyk/ybb/index.htm
91902,白内障,大渝网,http://cq.qq.com/2007health/aeyk/bnz/index.htm
91903,青光眼,大渝网,http://cq.qq.com/2007health/aeyk/aeqgy/index.htm
91904,眼底病,大渝网,http://cq.qq.com/2007health/aeyk/aeydb/index.htm
91969,直击辽宁,东北新闻网,http://liaoning.nen.com.cn/liaoning/todayln/index.shtml
91984,焦点列表,东北新闻网,http://amuse.nen.com.cn/amuse/amuse_jiaodian/index.shtml
91987,电影电视列表,东北新闻网,http://amuse.nen.com.cn/amuse/amuse_yingshi1/index.shtml
91989,案情曝光,东北新闻网,http://society.nen.com.cn/society/shehui_aqbg/index.shtml
91990,新百姓故事,东北新闻网,http://society.nen.com.cn/society/shehui_gshgs/index.shtml
91992,美容时尚,东北新闻网,http://in.nen.com.cn/in/in_meirong/index.shtml
92000,辽宁经济,东北新闻网,http://finance.nen.com.cn/finance/Cj_cj_lncj/index.shtml
92001,辽宁企业,东北新闻网,http://finance.nen.com.cn/finance/Cj_cj_jrxw/index.shtml
92002,名优名品,东北新闻网,http://finance.nen.com.cn/finance/Cj_lc_jjzq/index.shtml
92010,医疗资讯,东北新闻网,http://jiankang.nen.com.cn/jiankang/jkylzx/ylzxreid/index.shtml
92061,财经-海西,福建之窗,http://finance.66163.com/hx/index.shtml
92062,财经-国内,福建之窗,http://finance.66163.com/gn/index.shtml
92063,财经-国际,福建之窗,http://finance.66163.com/gj/index.shtml
92064,财经-银行,福建之窗,http://finance.66163.com/bank/
92065,财经-理财,福建之窗,http://finance.66163.com/money/
92066,财经-基金,福建之窗,http://finance.66163.com/fund/
92067,财经-闽股,福建之窗,http://finance.66163.com/stock/
92068,财经-黄金,福建之窗,http://finance.66163.com/gold/
92069,财经-保险,福建之窗,http://finance.66163.com/insurance/
92071,财经-理财聚焦,福建之窗,http://finance.66163.com/money/index.shtml
92072,财经-理财新品公告,福建之窗,http://finance.66163.com/lcxpgg/index.shtml
92073,财经-理财故事,福建之窗,http://finance.66163.com/lcgs/index.shtml
92074,财经-量身定做,福建之窗,http://finance.66163.com/lcgh/index.shtml
92084,物联网-政策视点,福建之窗,http://wlw.66163.com/zcsd/index.shtml
92085,物联网-海峡物联网,福建之窗,http://wlw.66163.com/hxwlw/index.shtml
92086,物联网-数字民生,福建之窗,http://wlw.66163.com/szms/index.shtml
92087,物联网-智能城市,福建之窗,http://wlw.66163.com/zncs/index.shtml
92088,物联网-产业升级,福建之窗,http://wlw.66163.com/cysj/index.shtml
92089,物联网-物联网科普,福建之窗,http://wlw.66163.com/wlwkp/index.shtml
92090,物联网-他山之石,福建之窗,http://wlw.66163.com/tszs/index.shtml
92091,健康在线,福建之窗,http://jk.66163.com/
92092,健康-养身保健,福建之窗,http://jk.66163.com/list.php?tradeid=95
92093,健康-心理,福建之窗,http://jk.66163.com/list.php?tradeid=97
92094,健康-两性,福建之窗,http://jk.66163.com/list.php?tradeid=96
92095,汽车-新车资讯,福建之窗,http://auto.66163.com/news/more_list_column_35_1.html
92096,汽车-福建车市,福建之窗,http://auto.66163.com/news/column_87_1.html
92097,汽车-热门资讯排行,福建之窗,http://auto.66163.com/news/
92098,汽车-导购评测,福建之窗,http://auto.66163.com/news/more_list_column_11_1.html
92099,汽车-汽车生活,福建之窗,http://auto.66163.com/news/more_list_column_32_1.html
92100,汽车-厂商要闻,福建之窗,http://auto.66163.com/news/more_list_column_69_1.html
92101,汽车-试驾评测,福建之窗,http://auto.66163.com/news/more_list_column_42_1.html
92102,汽车-汽车导购,福建之窗,http://auto.66163.com/news/more_list_column_6_1.html
92103,汽车-国产车评测,福建之窗,http://auto.66163.com/news/more_list_column_43_1.html
92104,汽车-进口车评测,福建之窗,http://auto.66163.com/news/more_list_column_46_1.html
92105,汽车-海外车讯,福建之窗,http://auto.66163.com/news/more_list_column_55_1.html
92106,汽车-改装鉴赏,福建之窗,http://auto.66163.com/news/more_list_column_27_1.html
92107,汽车-时尚热点,福建之窗,http://auto.66163.com/news/more_list_column_18_1.html
92108,汽车-汽车科技,福建之窗,http://auto.66163.com/news/more_list_column_22_1.html
92109,汽车-汽车时尚,福建之窗,http://auto.66163.com/news/more_list_column_20_1.html
92110,汽车-娱乐八卦,福建之窗,http://auto.66163.com/news/more_list_column_25_1.html
92116,旅游-自驾游天地,福州新闻网,"http://travel.fznews.com.cn/more.asp?channelname=%C2%C3%D3%CE%BB%A5%B6%AF,%D7%D4%BC%DD%CC%EC%B5%D8"
92151,新闻-要闻,广西新闻网,http://news.gxnews.com.cn/staticpages/more515-1.shtml
92160,新闻-图片,广西新闻网,http://pic.gxnews.com.cn/
92171,通讯员-旅游,广西新闻网,http://www.gxnews.com.cn/staticmores/964/27964-1.shtml
92174,东盟-要闻,广西新闻网,http://asean.gxnews.com.cn/staticmores/840/21840-1.shtml
92175,东盟-广西东盟,广西新闻网,http://asean.gxnews.com.cn/staticmores/841/21841-1.shtml
92176,东盟-贸易资讯,广西新闻网,http://asean.gxnews.com.cn/staticmores/859/21859-1.shtml
92177,数字-精选推荐,广西新闻网,http://datagx.gxnews.com.cn/staticmores/848/25848-1.shtml
92178,数字-地方新闻,广西新闻网,http://datagx.gxnews.com.cn/staticmores/849/25849-1.shtml
92179,数字-曝光台,广西新闻网,http://datagx.gxnews.com.cn/staticmores/853/25853-1.shtml
92191,传媒-传媒热点,广西新闻网,http://media.gxnews.com.cn/staticpages/more11371-1.html
92192,传媒-传统媒体,广西新闻网,http://media.gxnews.com.cn/staticpages/more17071-1.html
92193,传媒-网络媒体,广西新闻网,http://media.gxnews.com.cn/staticpages/more11390-1.html
92194,传媒-学术研究,广西新闻网,http://media.gxnews.com.cn/staticpages/more11388-1.html
92195,传媒-辣眼时评,广西新闻网,http://media.gxnews.com.cn/staticpages/more11375-1.html
92196,传媒-记者火线,广西新闻网,http://media.gxnews.com.cn/staticpages/more17076-1.html
92197,3C-要闻,广西新闻网,http://3c.gxnews.com.cn/staticmores/245/27245-1.shtml
92198,美食-美食动态,广西新闻网,http://food.gxnews.com.cn/staticmores/631/21631-1.shtml
92199,汽车-新闻,广西新闻网,http://auto.gxnews.com.cn/news/xinwen.html
92200,汽车-导购,广西新闻网,http://auto.gxnews.com.cn/news/daogou.html
92201,汽车-评测,广西新闻网,http://auto.gxnews.com.cn/news/pingce.html
92202,汽车-行情,广西新闻网,http://auto.gxnews.com.cn/news/hangqing.html
92204,房产-购房指南,广西新闻网,http://house.gxnews.com.cn/staticmores/611/24611-1.shtml
92223,柳州-图片新闻,广西新闻网,http://lz.gxnews.com.cn/staticmores/299/20299-1.shtml
92224,柳州-广西网视－柳州视窗,广西新闻网,http://lz.gxnews.com.cn/staticmores/753/20753-1.shtml
92225,柳州-龙城视窗,广西新闻网,http://lz.gxnews.com.cn/staticmores/298/20298-1.shtml
92226,柳州-今日要闻,广西新闻网,http://lz.gxnews.com.cn/staticmores/297/20297-1.shtml
92227,柳州-信息·公告,广西新闻网,http://lz.gxnews.com.cn/staticmores/752/20752-1.shtml
92228,柳州-旅游·美食,广西新闻网,http://lz.gxnews.com.cn/staticmores/312/20312-1.shtml
92229,柳州-房产·楼市,广西新闻网,http://lz.gxnews.com.cn/staticmores/310/20310-1.shtml
92230,柳州-车市,广西新闻网,http://lz.gxnews.com.cn/staticmores/311/20311-1.shtml
92231,柳州-财经,广西新闻网,http://lz.gxnews.com.cn/staticmores/309/20309-1.shtml
92232,柳州-通讯,广西新闻网,http://lz.gxnews.com.cn/staticmores/302/20302-1.shtml
92233,柳州-健康,广西新闻网,http://lz.gxnews.com.cn/staticmores/313/20313-1.shtml
92234,柳州-在线调查,广西新闻网,http://lz.gxnews.com.cn/staticmores/316/20316-1.shtml
92235,柳州-本地新闻报料,广西新闻网,http://lz.gxnews.com.cn/staticmores/300/20300-1.shtml
92236,柳州-本网原创·报网联动,广西新闻网,http://lz.gxnews.com.cn/staticmores/301/20301-1.shtml
92237,柳州-活动·召集,广西新闻网,http://lz.gxnews.com.cn/staticmores/306/20306-1.shtml
92238,柳州-咨询·求助,广西新闻网,http://lz.gxnews.com.cn/staticmores/307/20307-1.shtml
92239,柳州-投诉·举报,广西新闻网,http://lz.gxnews.com.cn/staticmores/303/20303-1.shtml
92240,柳州-调查·反馈,广西新闻网,http://lz.gxnews.com.cn/staticmores/304/20304-1.shtml
92241,柳州-建言·献策|,广西新闻网,http://lz.gxnews.com.cn/staticmores/305/20305-1.shtml
92248,防城港-招商·物流,广西新闻网,http://fcg.gxnews.com.cn/staticpages/more21773-1.html
92250,防城港-港口建设,广西新闻网,http://fcg.gxnews.com.cn/staticpages/more21776-1.html
92251,防城港-区县新闻,广西新闻网,http://fcg.gxnews.com.cn/staticpages/more21777-1.html
92260,玉林-玉林要闻,广西新闻网,http://yl.gxnews.com.cn/staticpages/more21050-1.html
92262,玉林-社会法治,广西新闻网,http://yl.gxnews.com.cn/staticpages/more21056-1.html
92268,百色-百色要闻,广西新闻网,http://bs.gxnews.com.cn/staticpages/more17915-1.html
92269,百色-本地新闻爆料,广西新闻网,http://bs.gxnews.com.cn/staticpages/more19178-1.html
92270,百色-法治·社会新闻,广西新闻网,http://bs.gxnews.com.cn/staticpages/more17921-1.html
92272,百色-财经新闻,广西新闻网,http://bs.gxnews.com.cn/staticpages/more17919-1.html
92273,百色-文体·娱乐/综合新闻,广西新闻网,http://bs.gxnews.com.cn/staticpages/more17920-1.html
92274,百色-县区新闻,广西新闻网,http://bs.gxnews.com.cn/staticpages/more19180-1.html
92275,百色-焦点专题,广西新闻网,http://bs.gxnews.com.cn/staticpages/more18159-1.html
92276,百色-热点时评,广西新闻网,http://bs.gxnews.com.cn/staticpages/more17924-1.html
92277,百色-网报联动,广西新闻网,http://bs.gxnews.com.cn/staticpages/more19185-1.html
92278,百色-风土·风情,广西新闻网,http://bs.gxnews.com.cn/staticpages/more17925-1.html
92283,钦州-招商·项目,广西新闻网,http://qz.gxnews.com.cn/staticmores/010/23010-1.shtml
92284,钦州-领导主页,广西新闻网,http://qz.gxnews.com.cn/staticmores/011/23011-1.shtml
92286,钦州-钦州保税港区,广西新闻网,http://qz.gxnews.com.cn/staticmores/014/23014-1.shtml
92287,钦州-港口建设,广西新闻网,http://qz.gxnews.com.cn/staticmores/015/23015-1.shtml
92288,钦州-区县之窗,广西新闻网,http://qz.gxnews.com.cn/staticmores/016/23016-1.shtml
92289,钦州-行业资讯,广西新闻网,http://qz.gxnews.com.cn/staticmores/017/23017-1.shtml
92290,钦州-民生服务,广西新闻网,http://qz.gxnews.com.cn/staticmores/018/23018-1.shtml
92291,钦州-文化钦州,广西新闻网,http://qz.gxnews.com.cn/staticmores/019/23019-1.shtml
92292,钦州-印象钦州,广西新闻网,http://qz.gxnews.com.cn/staticmores/020/23020-1.shtml
92294,新闻-深度报道,广州视窗,http://news.21cn.com/today/pandian/list1.shtml
92295,新闻-人物,广州视窗,http://news.21cn.com/today/renwu/list1.shtml
92308,国际-国际花边,广州视窗,http://news.21cn.com/world/guojihb/list1.shtml
92309,国际-军事热点,广州视窗,http://news.21cn.com/junshi/
92310,国际-科技新知,广州视窗,http://news.21cn.com/world/guojijunshi/list1.shtml
92312,社会-奇趣怪闻,广州视窗,http://news.21cn.com/social/qiqu/list1.shtml
92313,社会-文化历史,广州视窗,http://news.21cn.com/social/wenhua/list1.shtml
92327,房产-热点新闻,广州视窗,http://house.gznet.com/house/housenews/news/index.htm
92328,房产-新盘动态,广州视窗,http://house.gznet.com/house/loupanxx/index.htm
92329,房产-二手房源,广州视窗,http://house.gznet.com/house/housenews/ershou/index.htm
92330,房产-热点专题,广州视窗,http://house.gznet.com/house/housenews/rdzt/index.htm
92331,房产-专家看点,广州视窗,http://house.gznet.com/house/housenews/srbd/index.htm
92332,房产-交易拍卖,广州视窗,http://house.gznet.com/house/housenews/jypm/index.htm
92333,房产-家居新闻,广州视窗,http://house.gznet.com/house/jiaju/index.htm
92376,科教文卫社会新闻,贵州日报,http://gzrb.gog.com.cn/kejwhsh/
92377,多彩贵州风,贵州日报,http://gzrb.gog.com.cn/duocgzf/
92379,市县新闻·政经,贵州日报,http://gzrb.gog.com.cn/shixxwzj/
92384,经济·交通,贵州日报,http://gzrb.gog.com.cn/jingjjt/
92386,经济·消费,贵州日报,http://gzrb.gog.com.cn/jingjxf/
92387,经济·理财,贵州日报,http://gzrb.gog.com.cn/jingjlc/
92389,时评·访谈,贵州日报,http://gzrb.gog.com.cn/shipft/
92393,新农村周刊,贵州日报,http://gzrb.gog.com.cn/xinnczk/
92395,影响力人物,贵州日报,http://gzrb.gog.com.cn/yingxlrw/
92396,深度,贵州日报,http://gzrb.gog.com.cn/shend/
92405,人事变动,贵州日报,http://news.gog.com.cn/rensbd/index.shtml
92406,政策法规,贵州日报,http://news.gog.com.cn/zhengcfg/index.shtml
92418,创意科技,贵州日报,http://news.gog.com.cn/chuangykj/index.shtml
92420,贵阳,贵州日报,http://news.gog.com.cn/guiyxw/
92421,遵义,贵州日报,http://news.gog.com.cn/zhunyxw/
92423,黔南,贵州日报,http://news.gog.com.cn/qiannxw/
92424,黔东南,贵州日报,http://news.gog.com.cn/qiandnxw/
92425,黔西南,贵州日报,http://news.gog.com.cn/qianxnxw/
92427,铜仁,贵州日报,http://news.gog.com.cn/tongrxw/
92428,六盘水,贵州日报,http://news.gog.com.cn/liupsxw/
92433,评论-贵州传媒,贵州日报,http://comment.gog.com.cn/guizcm/index.shtml
92434,评论-桫椤随笔,贵州日报,http://comment.gog.com.cn/suolsb/index.shtml
92435,评论-音乐评论,贵州日报,http://comment.gog.com.cn/yinypl/
92451,娱乐-新碟,贵州日报,http://ent.gog.com.cn/yinydt/cdtj/
92453,娱乐-贵州专题,贵州日报,http://ent.gog.com.cn/yulzt/guizzt/index.shtml
92466,教育-成长奥秘,贵州日报,http://edu.gog.com.cn/chengzam/index.shtml
92467,教育-金黔校园,贵州日报,http://edu.gog.com.cn/xiaoy/xiaoysd/index.shtml
92471,教育-家长课堂,贵州日报,http://edu.gog.com.cn/jiazkt/index.shtml
92472,IT-新闻,贵州日报,http://it.gog.com.cn/xinw/index.shtml
92473,IT-百姓IT,贵州日报,http://it.gog.com.cn/baixit/index.shtml
92474,IT-IT业界,贵州日报,http://it.gog.com.cn/ityj/index.shtml
92475,IT-手机终端,贵州日报,http://it.gog.com.cn/shoujzd/index.shtml
92476,IT-3G,贵州日报,http://it.gog.com.cn/3g/index.shtml
92477,IT-数码产品,贵州日报,http://it.gog.com.cn/chanpk/index.shtml
92478,IT-新奇数码,贵州日报,http://it.gog.com.cn/chanp/index.shtml
92479,IT-IT教育,贵州日报,http://it.gog.com.cn/itjy/index.shtml
92480,IT-应用技巧,贵州日报,http://it.gog.com.cn/rencjs/index.shtml
92481,IT-COSPLAY,贵州日报,http://it.gog.com.cn/cosplay/index.shtml
92482,IT-精品周边,贵州日报,http://it.gog.com.cn/jingpzb/index.shtml
92483,IT-游戏动态,贵州日报,http://it.gog.com.cn/youxdt/index.shtml
92484,IT-游戏杂谈,贵州日报,http://it.gog.com.cn/youxzt/index.shtml
92485,IT-游戏图库,贵州日报,http://it.gog.com.cn/youxtk/index.shtml
92486,IT-贵州动漫,贵州日报,http://it.gog.com.cn/guizdm/index.shtml
92487,IT-动漫影音,贵州日报,http://it.gog.com.cn/dongmyy/index.shtml
92488,IT-专题,贵州日报,http://it.gog.com.cn/zhuant/index.shtml
92490,汽车-产业新闻,贵州日报,http://auto.gog.com.cn/chedkb/chanyxw/
92491,汽车-车市新闻,贵州日报,http://auto.gog.com.cn/chedkb/chesxw/
92493,汽车-国际新闻,贵州日报,http://auto.gog.com.cn/chedkb/guojxw/
92496,汽车-二手车市,贵州日报,http://auto.gog.com.cn/gouczn/erschq/
92497,汽车-筑城车行,贵州日报,http://auto.gog.com.cn/zhucch/
92499,汽车-最新报价,贵州日报,http://auto.gog.com.cn/chejdt/xincbj/
92500,汽车-降价快报,贵州日报,http://auto.gog.com.cn/chejdt/jiangjkb/
92501,汽车-观点评论,贵州日报,http://auto.gog.com.cn/shijbc/guandpl/
92502,汽车-用车知识,贵州日报,http://auto.gog.com.cn/weixmr/yongczx/
92503,汽车-养车修车,贵州日报,http://auto.gog.com.cn/weixmr/yangcxc/
92504,汽车-改装天地,贵州日报,http://auto.gog.com.cn/weixmr/gaiztd/
92505,汽车-驾驶技术,贵州日报,http://auto.gog.com.cn/weixmr/jiasjs/
92506,汽车-香车美女,贵州日报,http://auto.gog.com.cn/xiangcmn/index.shtml
92507,汽车-热点车型,贵州日报,http://auto.gog.com.cn/redcx/
92508,汽车-维修美容,贵州日报,http://auto.gog.com.cn/weixmr/
92535,体育-花边,贵州日报,http://sports.gog.com.cn/huabian/index.shtml
92551,百姓生活,哈尔滨日报,http://www.harbindaily.com/baixing/index.html
92552,体坛快讯,哈尔滨日报,http://www.harbindaily.com/sports/index.html
92553,国内新闻,哈尔滨日报,http://www.harbindaily.com/guonei/index.html
92554,国际新闻,哈尔滨日报,http://www.harbindaily.com/guoji/index.html
92555,娱乐时尚,哈尔滨日报,http://www.harbindaily.com/ent/index.html
92556,生活空间,哈尔滨日报,http://www.harbindaily.com/shenghuo/index.html
92745,新闻湖北-首页大图,荆楚网,http://news.cnhubei.com/sydt/
92747,新闻湖北-快讯,荆楚网,http://news.cnhubei.com/gdxw/
92749,新闻湖北-武汉,荆楚网,http://news.cnhubei.com/whcsq/
92750,新闻湖北-政务新闻,荆楚网,http://news.cnhubei.com/zwxw/
92751,新闻湖北-荆楚各地,荆楚网,http://news.cnhubei.com/exstlyq/
92752,新闻湖北-社会,荆楚网,http://news.cnhubei.com/shxw/
92753,新闻湖北-深度报道,荆楚网,http://news.cnhubei.com/sdbd/
92754,新闻湖北-新闻调查,荆楚网,http://news.cnhubei.com/xwdc/
92755,新闻湖北-要闻推荐,荆楚网,http://news.cnhubei.com/hbrctx/ywtj/
92756,新闻湖北-求助维权,荆楚网,http://news.cnhubei.com/hbrctx/qzwq/
92757,新闻湖北-情感倾诉,荆楚网,http://news.cnhubei.com/hbrctx/love/
92758,新闻湖北-打工生活,荆楚网,http://news.cnhubei.com/hbrctx/dgsh/
92759,新闻湖北-温馨提醒,荆楚网,http://news.cnhubei.com/hbrctx/wxtx/
92760,新闻湖北-武汉一周,荆楚网,http://news.cnhubei.com/whyz/
92761,新闻湖北-财经,荆楚网,http://news.cnhubei.com/news/cjxw/index.shtml
92762,新闻湖北-情感,荆楚网,http://news.cnhubei.com/xwhbqg/
92763,新闻湖北-科教,荆楚网,http://news.cnhubei.com/kjww/
92764,新闻湖北-娱乐,荆楚网,http://news.cnhubei.com/ylxw/
92765,新闻湖北-民生咨询,荆楚网,http://news.cnhubei.com/msxf/
92766,新闻湖北-外媒看武汉,荆楚网,http://news.cnhubei.com/wmkhb/
92798,汽车湖北->车潮动态->新车信息,荆楚网,http://auto.cnhubei.com/news/hydt/index.shtml
92814,旅游湖北-新闻头条,荆楚网,http://travel.cnhubei.com/portal.php?mod=list&catid=2
92815,旅游湖北-旅游风向标,荆楚网,http://travel.cnhubei.com/portal.php?mod=list&catid=3
92816,旅游湖北-主题活动,荆楚网,http://travel.cnhubei.com/portal.php?mod=list&catid=4
92817,旅游湖北-人物访谈,荆楚网,http://travel.cnhubei.com/portal.php?mod=list&catid=5
92818,旅游湖北- 美食娱乐-饕餮美食,荆楚网,http://travel.cnhubei.com/portal.php?mod=list&catid=7
92819,旅游湖北- 美食娱乐-娱乐广场,荆楚网,http://travel.cnhubei.com/portal.php?mod=list&catid=8
92821,旅游湖北- 美食娱乐-Shopping,荆楚网,http://travel.cnhubei.com/portal.php?mod=list&catid=10
92822,旅游湖北-自驾户外-户外拓展,荆楚网,http://travel.cnhubei.com/portal.php?mod=list&catid=133
92823,旅游湖北-自驾户外-背包自驾,荆楚网,http://travel.cnhubei.com/portal.php?mod=list&catid=134
92824,旅游湖北-自驾户外-旅游攻略,荆楚网,http://travel.cnhubei.com/portal.php?mod=list&catid=135
92825,旅游湖北-自驾户外-高球生活,荆楚网,http://travel.cnhubei.com/portal.php?mod=list&catid=136
92826,旅游湖北-交通酒店-交通资讯,荆楚网,http://travel.cnhubei.com/portal.php?mod=list&catid=31
92827,旅游湖北-交通酒店-酒店动态,荆楚网,http://travel.cnhubei.com/portal.php?mod=list&catid=30
92828,旅游湖北-交通酒店-出行贴士,荆楚网,http://travel.cnhubei.com/portal.php?mod=list&catid=32
92829,旅游湖北-专题,荆楚网,http://travel.cnhubei.com/portal.php?mod=list&catid=27
92830,伊人湖北-美丽宝典-玉肌珠颜,荆楚网,http://ladies.cnhubei.com/mlbd/yjzy.shtml
92831,伊人湖北-美丽宝典-炫彩妆容,荆楚网,http://ladies.cnhubei.com/mlbd/yczy.shtml
92832,伊人湖北-美丽宝典-香氛物语,荆楚网,http://ladies.cnhubei.com/mlbd/xfwy.shtml
92833,伊人湖北-美丽宝典-秀发沙龙,荆楚网,http://ladies.cnhubei.com/mlbd/xfsl.shtml
92834,伊人湖北-美丽宝典-新品播报,荆楚网,http://ladies.cnhubei.com/mlbd/xpbb.shtml
92835,伊人湖北-流行服饰-明星装扮,荆楚网,http://ladies.cnhubei.com/lxfs/mxzb.shtml
92836,伊人湖北-流行服饰-服饰搭配,荆楚网,http://ladies.cnhubei.com/lxfs/fsdp.shtml
92837,伊人湖北-流行服饰-流行元素,荆楚网,http://ladies.cnhubei.com/lxfs/lxys.shtml
92838,伊人湖北-流行服饰-内衣,荆楚网,http://ladies.cnhubei.com/lxfs/neiyi.shtml
92839,伊人湖北-流行服饰-美鞋,荆楚网,http://ladies.cnhubei.com/lxfs/meixie.shtml
92840,伊人湖北-流行服饰-包包,荆楚网,http://ladies.cnhubei.com/lxfs/baobao.shtml
92841,伊人湖北-明星时尚-明星写真,荆楚网,http://ladies.cnhubei.com/mxss/mxxz.shtml
92842,伊人湖北-明星时尚-男色魅影,荆楚网,http://ladies.cnhubei.com/mxss/nsmy.shtml
92843,伊人湖北-明星时尚-八卦新闻,荆楚网,http://ladies.cnhubei.com/mxss/bgxw.shtml
92844,伊人湖北-真情爱恋-恋爱部落,荆楚网,http://ladies.cnhubei.com/zqal/nrxq.shtml
92845,伊人湖北-真情爱恋-边缘情感,荆楚网,http://ladies.cnhubei.com/zqal/nrys.shtml
92848,伊人湖北-真情爱恋-测试游戏,荆楚网,http://ladies.cnhubei.com/csyx/index.shtml
92849,伊人湖北-伊人专题,荆楚网,http://ladies.cnhubei.com/yrzt/index.shtml
92857,新传媒网-三项学习教育,荆楚网,http://media.cnhubei.com/newcmw/sxjy.shtml
92858,湖北传媒网-评奖,荆楚网,http://media.cnhubei.com/pj/index.shtml
92888,东湖评论-今日聚焦,荆楚网,http://focus.cnhubei.com/today/
92889,东湖评论-东湖视点,荆楚网,http://focus.cnhubei.com/original/
92890,东湖评论-网评湖北,荆楚网,http://focus.cnhubei.com/local/
92891,东湖评论-报系言论,荆楚网,http://focus.cnhubei.com/media/
92892,东湖评论-商报时评,荆楚网,http://focus.cnhubei.com/caricature/
93120,文化咨询,昆明日报,http://www1.clzg.cn/wenhua/whzx.htm
93121,娱乐新闻,昆明日报,http://www1.clzg.cn/wenhua/yyxw.htm
93122,星耀云南,昆明日报,http://www1.clzg.cn/wenhua/xyyn/index.htm
93123,新闻,昆明日报,http://www1.clzg.cn/wenhua/lfs/index.htm
93124,文产资讯,昆明日报,http://www1.clzg.cn/wenhua/wczx.htm
93125,专题,昆明日报,http://www1.clzg.cn/wenhua/zt/index.htm
93126,彩龙快讯,昆明日报,http://www1.clzg.cn/xinwen/clkx.htm
93127,头条,昆明日报,http://www1.clzg.cn/xinwen/tt.htm
93129,彩龙看点,昆明日报,http://www1.clzg.cn/xinwen/clkd.htm
93136,彩龙聚焦,昆明日报,http://www1.clzg.cn/xinwen/cljj.htm
93137,旅游,昆明日报,http://www1.clzg.cn/lvyou/
93138,吃喝玩乐,昆明日报,http://www1.clzg.cn/chwl/
93261,新闻 >> 各地头条精选,连云港传媒网,http://www.lygmedia.com/zxxx/news/node113139.shtml
93265,资讯·休闲 >> 时评 >> 第一关注,连云港传媒网,http://www.lygmedia.com//xiner/node115622.shtml
93266,资讯·休闲 >> 时评 >> 港城评论,连云港传媒网,http://www.lygmedia.com//xiner/node115612.shtml
93267,资讯·休闲 >> 时评 >> 谈政论经,连云港传媒网,http://www.lygmedia.com//xiner/node115552.shtml
93268,资讯·休闲 >> 时评 >> 世象民生,连云港传媒网,http://www.lygmedia.com//xiner/node115542.shtml
93269,资讯·休闲 >> 时评 >> 娱体评谈,连云港传媒网,http://www.lygmedia.com//xiner/node115532.shtml
93270,资讯·休闲 >> 时评 >> 媒体视角,连云港传媒网,http://www.lygmedia.com//xiner/node115520.shtml
93271,资讯·休闲 >> 时评 >> 异域观察,连云港传媒网,http://www.lygmedia.com//xiner/node11559.shtml
93275,资讯·休闲 >> 财经,连云港传媒网,http://www.lygmedia.com//xiner/node102636.shtml
93278,资讯·休闲 >> 财经 >> 我市热点,连云港传媒网,http://www.lygmedia.com/finance/node164434.shtml
93280,资讯·休闲 >> 新闻 >> 港城新闻,连云港传媒网,http://www.lygmedia.com/zxxx/xw/gcxw.shtml
93281,资讯·休闲 >> 财经 >> 财经推荐,连云港传媒网,http://www.lygmedia.com/finance/node164450.shtml
93282,资讯·休闲 >> 财经 >> 金融,连云港传媒网,http://www.lygmedia.com/finance/node16455.shtml
93283,资讯·休闲 >> 财经 >> 保险,连云港传媒网,http://www.lygmedia.com/finance/node164531.shtml
93284,资讯·休闲 >> 财经 >> 基金,连云港传媒网,http://www.lygmedia.com/finance/node164535.shtml
93285,资讯·休闲 >> 地方 >> 视频播报,连云港传媒网,http://www.lygmedia.com/df/node93635.shtml
93292,资讯·休闲 >> 数码 >> 商情,连云港传媒网,http://www.lygmedia.com/zxxx/sm/zxzx.shtml
93293,资讯·休闲 >> 数码 >> 本台频道,连云港传媒网,http://www.lygmedia.com/zxxx/sm/zxzj.shtml
93294,资讯·休闲 >> 数码 >> 家电频道,连云港传媒网,http://www.lygmedia.com/zxxx/sm/zxzxx.shtml
93295,资讯·休闲 >> 数码 >> 手机频道,连云港传媒网,http://www.lygmedia.com/zxxx/sm/bdjb.shtml
93296,资讯·休闲 >> 数码 >> 影像频道,连云港传媒网,http://www.lygmedia.com/zxxx/sm/esxx.shtml
93297,资讯·休闲 >> 健康 >> 健康资讯,连云港传媒网,http://www.lygmedia.com/zxxx/jk/jkzx.shtml
93298,资讯·休闲 >> 健康 >> 保健养生,连云港传媒网,http://www.lygmedia.com/zxxx/jk/bjys.shtml
93299,资讯·休闲 >> 旅游 >> 自驾游,连云港传媒网,http://www.lygmedia.com/zxxx/ly/node172012.shtml
93300,资讯·休闲 >> 旅游 >> 旅行时尚,连云港传媒网,http://www.lygmedia.com/zxxx/ly/node172341.shtml
93301,资讯·休闲 >> 旅游 >> 旅游景点 >> 户外,连云港传媒网,http://www.lygmedia.com/zxxx/ly/node174239.shtml
93302,资讯·休闲 >> 旅游 >> 旅途天下,连云港传媒网,http://www.lygmedia.com/zxxx/ly/node17433.shtml
93303,资讯·休闲 >> 旅游 >> 旅游总动员,连云港传媒网,http://www.lygmedia.com/zxxx/ly/node174330.shtml
93409,龙虎网> 新闻中心> 滚动,龙虎网,http://news.longhoo.net/node_15109.htm
93410,龙虎网> 新闻中心,龙虎网,http://news.longhoo.net/node_30949.htm
93411,龙虎网> 龙虎锐评,龙虎网,http://news.longhoo.net/node_15149.htm
93412,新闻中心> 民生,龙虎网,http://news.longhoo.net/node_15104.htm
93413,新闻中心> 城建,龙虎网,http://news.longhoo.net/node_15106.htm
93419,新闻中心> 医卫,龙虎网,http://news.longhoo.net/node_15112.htm
93431,家居频道>家居聚焦,龙虎网,http://home.longhoo.net/node_7244.htm
93432,家居频道>高端访谈,龙虎网,http://home.longhoo.net/node_7245.htm
93433,家居频道>装修前沿,龙虎网,http://home.longhoo.net/node_7254.htm
93434,家居频道>装修宝典,龙虎网,http://home.longhoo.net/node_7238.htm
93435,家居频道>厨房,龙虎网,http://home.longhoo.net/node_7268.htm
93436,家居频道>家居卖场,龙虎网,http://home.longhoo.net/node_7261.htm
93437,家居频道>陶瓷卫浴,龙虎网,http://home.longhoo.net/node_7262.htm
93438,家居频道>灯具照明,龙虎网,http://home.longhoo.net/node_7266.htm
93439,家居频道>家具,龙虎网,http://home.longhoo.net/node_7263.htm
93440,家居频道>地板,龙虎网,http://home.longhoo.net/node_7267.htm
93441,健康首页 > 健康新闻 >,龙虎网,http://health.longhoo.net/html/jiankangxinwen/
93442,健康首页 > 医疗动态 >,龙虎网,http://health.longhoo.net/html/yiliaodongtai/
93475,视点,贵州日报,http://gzrb.gog.com.cn/shid/
93476,教育-新闻中心,贵州日报,http://edu.gog.com.cn/jiaoyxw/
93482,新闻-福州社会,福州新闻网,http://news.fznews.com.cn/shehui/more/
93488,财经-股票,贵州日报,http://finance.gog.com.cn/jrsc/gp/
93491,IT-专题,贵州日报,http://it.gog.com.cn/zhuant/index.shtml
93492,物联网-他山之石,福建之窗,http://wlw.66163.com/tszs/index.shtml
93493,榕商-市工商联,福州新闻网,http://biz.fznews.com.cn/more.php?id=5240
93495,贵州社会,贵州日报,http://news.gog.com.cn/guizsh/index.shtml
93496,娱乐-电影新片,贵州日报,http://ent.gog.com.cn/dianyds/dianyxp/
93498,健康-心理,贵州日报,http://health.gog.com.cn/xinlsj/xinlsj_xlcs/index.shtml
93499,汽车-市场动态,贵州日报,http://auto.gog.com.cn/gouczn/shicdt/
93501,柳州-健康,广西新闻网,http://lz.gxnews.com.cn/staticmores/313/20313-1.shtml
93502,汽车-汽车科技,福建之窗,http://auto.66163.com/news/more_list_column_22_1.html
93503,钦州-港口建设,广西新闻网,http://qz.gxnews.com.cn/staticmores/015/23015-1.shtml
93505,百姓生活,哈尔滨日报,http://www.harbindaily.com/baixing/index.html
93506,财经-保险业动态,广西新闻网,http://finance.gxnews.com.cn/staticmores/283/23283-1.shtml
93508,柳州-建言·献策|,广西新闻网,http://lz.gxnews.com.cn/staticmores/305/20305-1.shtml
93509,遵义新观察,贵州日报,http://gzrb.gog.com.cn/zyxgc/index.shtml
93512,大教育,贵州日报,http://gzrb.gog.com.cn/dajy/
93514,人事变动,贵州日报,http://news.gog.com.cn/rensbd/index.shtml
93515,娱乐-八卦专题,贵州日报,http://ent.gog.com.cn/yulzt/bagzt/
93517,防城港-广西要闻,广西新闻网,http://fcg.gxnews.com.cn/staticpages/more191-1.html
93519,健康-饮食健康,福州新闻网,http://health.fznews.com.cn/ysjk/
93521,新闻-国际,福州新闻网,http://news.fznews.com.cn/guoji/more/
93522,房产-购房指南,广西新闻网,http://house.gxnews.com.cn/staticmores/611/24611-1.shtml
93523,财经-广西财经,广西新闻网,http://finance.gxnews.com.cn/staticmores/273/23273-1.shtml
93525,防城港-防城资讯,广西新闻网,http://fcg.gxnews.com.cn/staticpages/more21779-1.html
93529,时政·党建,贵州日报,http://gzrb.gog.com.cn/shizdj/
93539,IT-IT业界,贵州日报,http://it.gog.com.cn/ityj/index.shtml
93548,钦州-领导主页,广西新闻网,http://qz.gxnews.com.cn/staticmores/011/23011-1.shtml
93549,物联网-智能城市,福建之窗,http://wlw.66163.com/zncs/index.shtml
93555,时政·纵横,贵州日报,http://gzrb.gog.com.cn/shizzh/
93556,教育-心理驿站,贵州日报,http://edu.gog.com.cn/xinlyz/index.shtml
93558,IT-游戏图库,贵州日报,http://it.gog.com.cn/youxtk/index.shtml
93559,汽车-车市新闻,贵州日报,http://auto.gog.com.cn/chedkb/chesxw/
93560,金黔播报,贵州日报,http://news.gog.com.cn/jqbb/index.shtml
93561,健康-疾控预防,福州新闻网,http://health.fznews.com.cn/jkyf/
93562,评论-专题,贵州日报,http://comment.gog.com.cn/pinglzt/index.shtml
93563,财经-大话理财,贵州日报,http://finance.gog.com.cn/dahualicai/index.shtml
93565,企业-政策法规,福州新闻网,http://news.fznews.com.cn/qy/more.php?cid=6
93567,国际新闻,哈尔滨日报,http://www.harbindaily.com/guoji/index.html
93568,钦州-民生服务,广西新闻网,http://qz.gxnews.com.cn/staticmores/018/23018-1.shtml
93570,健康-两性,福建之窗,http://jk.66163.com/list.php?tradeid=96
93571,柳州-车市,广西新闻网,http://lz.gxnews.com.cn/staticmores/311/20311-1.shtml
93572,汽车-维修美容,贵州日报,http://auto.gog.com.cn/weixmr/
93573,梧州-热点时评,广西新闻网,http://wz.gxnews.com.cn/staticmores/703/17703-1.shtml
93574,娱乐-日韩娱报,贵州日报,http://ent.gog.com.cn/mingxqjc/rihmx/
93575,财经-八桂金融风采,广西新闻网,http://finance.gxnews.com.cn/staticmores/279/23279-1.shtml
93577,榕商-异地商会,福州新闻网,http://biz.fznews.com.cn/more.php?id=1850
93578,汽车-筑城车行,贵州日报,http://auto.gog.com.cn/zhucch/
93583,娱乐-新碟,贵州日报,http://ent.gog.com.cn/yinydt/cdtj/
93586,IT-数码产品,贵州日报,http://it.gog.com.cn/chanpk/index.shtml
93591,汽车-厂商要闻,福建之窗,http://auto.66163.com/news/more_list_column_69_1.html
93597,经济·旅游,贵州日报,http://gzrb.gog.com.cn/jingjly/
93598,企业-特别策划,福州新闻网,http://news.fznews.com.cn/qy/more.php?cid=3
93600,防城港-港口建设,广西新闻网,http://fcg.gxnews.com.cn/staticpages/more21776-1.html
93601,数字-地方新闻,广西新闻网,http://datagx.gxnews.com.cn/staticmores/849/25849-1.shtml
93602,柳州-信息·公告,广西新闻网,http://lz.gxnews.com.cn/staticmores/752/20752-1.shtml
93604,新闻-财经,福州新闻网,http://news.fznews.com.cn/fzjj/more/
93606,教育-家长课堂,贵州日报,http://edu.gog.com.cn/jiazkt/index.shtml
93609,安顺,贵州日报,http://news.gog.com.cn/ansxw/
93610,评论-桫椤随笔,贵州日报,http://comment.gog.com.cn/suolsb/index.shtml
93612,通讯员-法制传真,广西新闻网,http://www.gxnews.com.cn/staticmores/894/27894-1.shtml
93616,健康-两性健康,福州新闻网,http://health.fznews.com.cn/lxjk/
93619,六盘水,贵州日报,http://news.gog.com.cn/liupsxw/
93625,外媒看贵州,贵州日报,http://news.gog.com.cn/waimkgz/index.shtml
93628,IT-贵州动漫,贵州日报,http://it.gog.com.cn/guizdm/index.shtml
93629,汽车-综合新闻,贵州日报,http://auto.gog.com.cn/chedkb/zonghxw/
93630,财经-国际财经要闻,贵州日报,http://finance.gog.com.cn/yw/gjcjxw/
93631,财经-财经评论,贵州日报,http://finance.gog.com.cn/pl/index.shtml
93632,旅游-时尚前沿,贵州日报,http://travel.gog.com.cn/shisqy/
93633,物联网-产业升级,福建之窗,http://wlw.66163.com/cysj/index.shtml
93634,教育-新闻热点,贵州日报,http://edu.gog.com.cn/jiaoyxw/xinwrd/index.shtml
93638,体育·娱乐,贵州日报,http://gzrb.gog.com.cn/tiyyl/
93641,钦州-文化钦州,广西新闻网,http://qz.gxnews.com.cn/staticmores/019/23019-1.shtml
93644,财经-热销理财产品,广西新闻网,http://finance.gxnews.com.cn/staticmores/281/23281-1.shtml
93646,娱乐时尚,哈尔滨日报,http://www.harbindaily.com/ent/index.html
93647,梧州-社?岱ㄖ?,广西新闻网,http://wz.gxnews.com.cn/staticmores/567/17567-1.shtml
93650,汽车-养车修车,贵州日报,http://auto.gog.com.cn/weixmr/yangcxc/
93652,娱乐-乐评,贵州日报,http://ent.gog.com.cn/yinydt/jqyp/index.shtml
93653,汽车-降价快报,贵州日报,http://auto.gog.com.cn/chejdt/jiangjkb/
93654,本埠要闻,哈尔滨日报,http://www.harbindaily.com/local/index.html
93655,柳州-投诉·举报,广西新闻网,http://lz.gxnews.com.cn/staticmores/303/20303-1.shtml
93660,健康-老年,福州新闻网,http://health.fznews.com.cn/oldman/
93663,企业-公司展示,福州新闻网,http://news.fznews.com.cn/qy/more.php?cid=10
93664,贵州文化,贵州日报,http://culture.gog.com.cn/qsd/bdwhxw/index.shtml
93666,柳州-旅游·美食,广西新闻网,http://lz.gxnews.com.cn/staticmores/312/20312-1.shtml
93667,经济·消费,贵州日报,http://gzrb.gog.com.cn/jingjxf/
93674,黔南,贵州日报,http://news.gog.com.cn/qiannxw/
93675,财经-黄金,福建之窗,http://finance.66163.com/gold/
93676,IT-新闻,贵州日报,http://it.gog.com.cn/xinw/index.shtml
93677,通讯员-行业资讯,广西新闻网,http://www.gxnews.com.cn/staticmores/896/27896-1.shtml
93683,新闻-政务,福州新闻网,http://news.fznews.com.cn/zhengwu/more/
93685,IT-应用技巧,贵州日报,http://it.gog.com.cn/rencjs/index.shtml
93687,市县新闻·社会民生,贵州日报,http://gzrb.gog.com.cn/shixxwshms/
93688,健康-时尚健康,福州新闻网,http://health.fznews.com.cn/ssjk/
93691,新闻-旅游,广西新闻网,http://news.gxnews.com.cn/staticpages/more976-1.shtml
93693,文化-文化新闻,贵州日报,http://culture.gog.com.cn/qsd/index.shtml
93696,柳州-本网原创·报网联动,广西新闻网,http://lz.gxnews.com.cn/staticmores/301/20301-1.shtml
93698,教育-成长奥秘,贵州日报,http://edu.gog.com.cn/chengzam/index.shtml
93700,物联网-海峡物联网,福建之窗,http://wlw.66163.com/hxwlw/index.shtml
93701,防城港-北部湾新闻,广西新闻网,http://fcg.gxnews.com.cn/staticpages/more21923-1.html
93704,贵阳,贵州日报,http://news.gog.com.cn/guiyxw/
93705,钦州-要闻,广西新闻网,http://qz.gxnews.com.cn/staticmores/009/23009-1.shtml
93709,健康-养身保健,福建之窗,http://jk.66163.com/list.php?tradeid=95
93710,体育-花边,贵州日报,http://sports.gog.com.cn/huabian/index.shtml
93711,新闻-福建新闻,福州新闻网,http://news.fznews.com.cn/dsxw/more/
93712,财经-基金,贵州日报,http://finance.gog.com.cn/jrsc/jj/
93713,时评·访谈,贵州日报,http://gzrb.gog.com.cn/shipft/
93715,健康-美容,贵州日报,http://health.gog.com.cn/jiansst/jiansst_mt/index.shtml
93716,梧州-梧州新闻,广西新闻网,http://wz.gxnews.com.cn/staticmores/562/17562-1.shtml
93717,财经-曝光互动区,广西新闻网,http://finance.gxnews.com.cn/staticmores/274/23274-1.shtml
93718,汽车-香车美女,贵州日报,http://auto.gog.com.cn/xiangcmn/index.shtml
93720,传媒-记者火线,广西新闻网,http://media.gxnews.com.cn/staticpages/more17076-1.html
93721,27°黔地标,贵州日报,http://gzrb.gog.com.cn/qiandibiao
93722,金黔播报,贵州日报,http://www.gog.com.cn/zonghe/jqbb/index.shtml
93726,体坛快讯,哈尔滨日报,http://www.harbindaily.com/sports/index.html
93727,娱乐-电视新剧,贵州日报,http://ent.gog.com.cn/dianyds/dsxj/
93728,财经-广西保险业新闻,广西新闻网,http://finance.gxnews.com.cn/staticmores/284/23284-1.shtml
93731,钦州-区县之窗,广西新闻网,http://qz.gxnews.com.cn/staticmores/016/23016-1.shtml
93732,政策法规,贵州日报,http://news.gog.com.cn/zhengcfg/index.shtml
93733,柳州-龙城视窗,广西新闻网,http://lz.gxnews.com.cn/staticmores/298/20298-1.shtml
93734,防城港-招商·物流,广西新闻网,http://fcg.gxnews.com.cn/staticpages/more21773-1.html
93736,健康-心理健康,福州新闻网,http://health.fznews.com.cn/xljk/
93739,大科技,贵州日报,http://gzrb.gog.com.cn/dakj/
93743,科技-科技新闻,福州新闻网,http://keji.fznews.com.cn/NewsList.aspx?ClassID=6
93745,健康-男性,福州新闻网,http://health.fznews.com.cn/man/
93747,东盟-贸易资讯,广西新闻网,http://asean.gxnews.com.cn/staticmores/859/21859-1.shtml
93750,IT-游戏动态,贵州日报,http://it.gog.com.cn/youxdt/index.shtml
93754,防城港-便民信息,广西新闻网,http://fcg.gxnews.com.cn/staticpages/more21782-1.html
93755,体育-篮球,贵州日报,http://sports.gog.com.cn/lanqiu/index.shtml
93757,教育-出国留学,贵州日报,http://edu.gog.com.cn/chuglx/index.shtml
93758,财经-理财聚焦,福建之窗,http://finance.66163.com/money/index.shtml
93761,新闻-楼市,广西新闻网,http://news.gxnews.com.cn/staticmores/966/966-1.shtml
93765,毕节,贵州日报,http://news.gog.com.cn/bijxw/
93766,多彩贵州风,贵州日报,http://gzrb.gog.com.cn/duocgzf/
93768,财经-国际,福建之窗,http://finance.66163.com/gj/index.shtml
93770,物联网-数字民生,福建之窗,http://wlw.66163.com/szms/index.shtml
93774,钦州-招商·项目,广西新闻网,http://qz.gxnews.com.cn/staticmores/010/23010-1.shtml
93775,教育-金黔校园,贵州日报,http://edu.gog.com.cn/xiaoy/xiaoysd/index.shtml
93780,新农村,贵州日报,http://gzrb.gog.com.cn/xingnc/
93782,健康-育儿,贵州日报,http://health.gog.com.cn/baojcs/baojcs_yebd/index.shtml
93784,健康-医事播报,福州新闻网,http://health.fznews.com.cn/ysbb/
93785,旅游-旅游动态,贵州日报,http://travel.gog.com.cn/lvydt/
93787,汽车-热点车型,贵州日报,http://auto.gog.com.cn/redcx/
93789,企业-高端访谈,福州新闻网,http://news.fznews.com.cn/qy/more.php?cid=8
93790,柳州-财经,广西新闻网,http://lz.gxnews.com.cn/staticmores/309/20309-1.shtml
93791,梧州-热点关注,广西新闻网,http://wz.gxnews.com.cn/staticmores/688/17688-1.shtml
93793,3C-要闻,广西新闻网,http://3c.gxnews.com.cn/staticmores/245/27245-1.shtml
93795,财经-银行业快讯,广西新闻网,http://finance.gxnews.com.cn/staticmores/278/23278-1.shtml
93797,汽车-试驾评测,贵州日报,http://auto.gog.com.cn/shijbc/shicbg/
93798,榕商-行业商会,福州新闻网,http://biz.fznews.com.cn/more.php?id=6234
93799,视觉新闻,贵州日报,http://gzrb.gog.com.cn/shijxw/
93800,政务要闻,贵州日报,http://news.gog.com.cn/zhengwyw/index.shtml
93802,传媒-传媒热点,广西新闻网,http://media.gxnews.com.cn/staticpages/more11371-1.html
93804,汽车-观点评论,贵州日报,http://auto.gog.com.cn/shijbc/guandpl/
93807,IT-新奇数码,贵州日报,http://it.gog.com.cn/chanp/index.shtml
93809,科技-科技成果,福州新闻网,http://keji.fznews.com.cn/KJCGList.aspx
93810,经济·交通,贵州日报,http://gzrb.gog.com.cn/jingjjt/
93812,新闻-深度报道,广州视窗,http://news.21cn.com/today/pandian/list1.shtml
93814,企业-展会资讯,福州新闻网,http://news.fznews.com.cn/qy/more.php?cid=12
93815,新闻-要闻,广西新闻网,http://news.gxnews.com.cn/staticpages/more515-1.shtml
93817,健康-儿童,福州新闻网,http://health.fznews.com.cn/child/
93819,百色-网报联动,广西新闻网,http://bs.gxnews.com.cn/staticpages/more19185-1.html
93820,数字-精选推荐,广西新闻网,http://datagx.gxnews.com.cn/staticmores/848/25848-1.shtml
93821,防城港-区县新闻,广西新闻网,http://fcg.gxnews.com.cn/staticpages/more21777-1.html
93826,新华社记者看福州,福州新闻网,http://news.fznews.com.cn/xhsjzkfz/more/
93827,评论-音乐评论,贵州日报,http://comment.gog.com.cn/yinypl/
93828,IT-游戏杂谈,贵州日报,http://it.gog.com.cn/youxzt/index.shtml
93830,防城港-行业风采,广西新闻网,http://fcg.gxnews.com.cn/staticpages/more21783-1.html
93831,通讯员-旅游,广西新闻网,http://www.gxnews.com.cn/staticmores/964/27964-1.shtml
93833,遵义,贵州日报,http://news.gog.com.cn/zhunyxw/
93834,铜仁,贵州日报,http://news.gog.com.cn/tongrxw/
93835,健康-保健养身,福州新闻网,http://health.fznews.com.cn/bjys/
93840,市县新闻·综合,贵州日报,http://gzrb.gog.com.cn/shixxwzh/
93843,创意科技,贵州日报,http://news.gog.com.cn/chuangykj/index.shtml
93844,旅游-最新线路,贵州日报,http://travel.gog.com.cn/zuixxl/
93849,影响力人物,贵州日报,http://gzrb.gog.com.cn/yingxlrw/
93850,财经-贵州财经要闻,贵州日报,http://finance.gog.com.cn/yw/swcjxw/
93855,健康-健康快讯,福州新闻网,http://health.fznews.com.cn/jkkx/
93859,教育-教育专题,贵州日报,http://edu.gog.com.cn/jiaozt/
93860,IT-动漫影音,贵州日报,http://it.gog.com.cn/dongmyy/index.shtml
93861,物联网-物联网科普,福建之窗,http://wlw.66163.com/wlwkp/index.shtml
93862,贵州体育,贵州日报,http://sports.gog.com.cn/bentu/index.shtml
93863,汽车-实用工具,贵州日报,http://auto.gog.com.cn/gouczn/shiygj/
93867,汽车-时尚热点,福建之窗,http://auto.66163.com/news/more_list_column_18_1.html
93868,百色-部门·行业新闻,广西新闻网,http://bs.gxnews.com.cn/staticpages/more19187-1.html
93869,健康-保健,贵州日报,http://health.gog.com.cn/yangsbj/index.shtml
93871,汽车-改装天地,贵州日报,http://auto.gog.com.cn/weixmr/gaiztd/
93872,柳州-调查·反馈,广西新闻网,http://lz.gxnews.com.cn/staticmores/304/20304-1.shtml
93876,今日推荐,哈尔滨日报,http://www.harbindaily.com/today/index.html
93879,健康·养生,贵州日报,http://gzrb.gog.com.cn/jiandys/
93882,企业-招聘,福州新闻网,http://news.fznews.com.cn/qy/more.php?cid=9
93886,读者天地,贵州日报,http://gzrb.gog.com.cn/duztd/
93888,新闻-台湾新闻,福州新闻网,http://news.fznews.com.cn/taigangao/more/
93889,健康-母婴健康,福州新闻网,http://health.fznews.com.cn/myjk/
93891,财经-财经聚焦,广西新闻网,http://finance.gxnews.com.cn/staticmores/247/23247-1.shtml
93892,东盟-要闻,广西新闻网,http://asean.gxnews.com.cn/staticmores/840/21840-1.shtml
93894,房产-楼市快讯,广西新闻网,http://house.gxnews.com.cn/staticmores/610/24610-1.shtml
93897,黔东南,贵州日报,http://news.gog.com.cn/qiandnxw/
93899,防城港-走进防港,广西新闻网,http://fcg.gxnews.com.cn/staticpages/more21780-1.html
93903,IT-COSPLAY,贵州日报,http://it.gog.com.cn/cosplay/index.shtml
93913,福州要闻,福州新闻网,http://news.fznews.com.cn/fuzhou/more/
93915,IT-手机终端,贵州日报,http://it.gog.com.cn/shoujzd/index.shtml
93918,娱乐-黔星娱报,贵州日报,http://ent.gog.com.cn/mingxqjc/qjmx/index.shtml
93919,财经-保险,贵州日报,http://finance.gog.com.cn/jrsc/bx/
93920,汽车-产业新闻,贵州日报,http://auto.gog.com.cn/chedkb/chanyxw/
93923,深度,贵州日报,http://gzrb.gog.com.cn/shend/
93924,趣闻趣事,贵州日报,http://news.gog.com.cn/quwqs/index.shtml
93925,健康-政策信息,福州新闻网,http://health.fznews.com.cn/zcxx/
93926,物联网-政策视点,福建之窗,http://wlw.66163.com/zcsd/index.shtml
93932,新闻-科教文卫,福州新闻网,http://news.fznews.com.cn/kjww/more/
93933,时政·法治,贵州日报,http://gzrb.gog.com.cn/shizfz/
93935,贵州娱线,贵州日报,http://ent.gog.com.cn/guizyl/guiyx/
93937,企业-企业资讯,福州新闻网,http://news.fznews.com.cn/qy/more.php?cid=14
93939,健康-饮食,贵州日报,http://health.gog.com.cn/jiankys/index.shtml
93940,汽车-二手车市,贵州日报,http://auto.gog.com.cn/gouczn/erschq/
93941,健康-心理,福建之窗,http://jk.66163.com/list.php?tradeid=97
93942,国内新闻,哈尔滨日报,http://www.harbindaily.com/guonei/index.html
93943,汽车-驾驶技术,贵州日报,http://auto.gog.com.cn/weixmr/jiasjs/
93944,传媒-辣眼时评,广西新闻网,http://media.gxnews.com.cn/staticpages/more11375-1.html
93948,柳州-本地新闻报料,广西新闻网,http://lz.gxnews.com.cn/staticmores/300/20300-1.shtml
93951,钦州-行业资讯,广西新闻网,http://qz.gxnews.com.cn/staticmores/017/23017-1.shtml
93952,财经-股市动态,广西新闻网,http://finance.gxnews.com.cn/staticmores/287/23287-1.shtml
93953,娱乐-综合音乐,贵州日报,http://ent.gog.com.cn/yinydt/zonghyy/
93955,防城港-眼球新闻,广西新闻网,http://fcg.gxnews.com.cn/staticpages/more21775-1.html
93960,汽车-汽车生活,福建之窗,http://auto.66163.com/news/more_list_column_32_1.html
93961,企业-招商引资,福州新闻网,http://news.fznews.com.cn/qy/more.php?cid=4
93963,新闻专题,贵州日报,http://news.gog.com.cn/newszt/index.shtml
93964,健康-两性,贵州日报,http://health.gog.com.cn/xingfrs/xingfrs_hxjq/index.shtml
93965,评论-贵州传媒,贵州日报,http://comment.gog.com.cn/guizcm/index.shtml
93966,东盟-广西东盟,广西新闻网,http://asean.gxnews.com.cn/staticmores/841/21841-1.shtml
93968,美食-美食动态,广西新闻网,http://food.gxnews.com.cn/staticmores/631/21631-1.shtml
93971,柳州-今日要闻,广西新闻网,http://lz.gxnews.com.cn/staticmores/297/20297-1.shtml
93973,健康-寻医问药,福州新闻网,http://health.fznews.com.cn/xywy/
93974,防城港-特色防港,广西新闻网,http://fcg.gxnews.com.cn/staticpages/more21781-1.html
93979,IT-精品周边,贵州日报,http://it.gog.com.cn/jingpzb/index.shtml
93980,教育-职场就业,贵州日报,http://edu.gog.com.cn/zhicjy/index.shtml
93981,百色-本地新闻爆料,广西新闻网,http://bs.gxnews.com.cn/staticpages/more19178-1.html
93983,新闻-车市,广西新闻网,http://news.gxnews.com.cn/staticpages/more971-1.shtml
93984,财经-理财新品公告,福建之窗,http://finance.66163.com/lcxpgg/index.shtml
93987,即时信息,福州新闻网,http://news.fznews.com.cn/jsxx/more/
93989,IT-3G,贵州日报,http://it.gog.com.cn/3g/index.shtml
93990,科教文卫社会新闻,贵州日报,http://gzrb.gog.com.cn/kejwhsh/
93995,新农村周刊,贵州日报,http://gzrb.gog.com.cn/xinnczk/
93998,旅游-旅游专题,贵州日报,http://travel.gog.com.cn/lvyzt/
94001,体育-足球,贵州日报,http://sports.gog.com.cn/zuqiu/index.shtml
94005,汽车-买车,福州新闻网,http://auto.fznews.com.cn/#
94006,教育-国内新闻,贵州日报,http://edu.gog.com.cn/jiaoyxw/guonxw/index.shtml
94011,企业-商道,福州新闻网,http://news.fznews.com.cn/qy/more.php?cid=5
94013,百色-风土·风情,广西新闻网,http://bs.gxnews.com.cn/staticpages/more17925-1.html
94014,生活空间,哈尔滨日报,http://www.harbindaily.com/shenghuo/index.html
94015,钦州-印象钦州,广西新闻网,http://qz.gxnews.com.cn/staticmores/020/23020-1.shtml
94017,柳州-通讯,广西新闻网,http://lz.gxnews.com.cn/staticmores/302/20302-1.shtml
94018,汽车-国际新闻,贵州日报,http://auto.gog.com.cn/chedkb/guojxw/
94019,汽车-福建车市,福建之窗,http://auto.66163.com/news/column_87_1.html
94023,财经-金融理财,广西新闻网,http://finance.gxnews.com.cn/staticmores/282/23282-1.shtml
94025,传媒-传统媒体,广西新闻网,http://media.gxnews.com.cn/staticpages/more17071-1.html
94026,榕商-福州要讯,福州新闻网,http://biz.fznews.com.cn/more.php?id=1814
94027,论苑,贵州日报,http://gzrb.gog.com.cn/luny/
94028,汽车-最新报价,贵州日报,http://auto.gog.com.cn/chejdt/xincbj/
94030,柳州-咨询·求助,广西新闻网,http://lz.gxnews.com.cn/staticmores/307/20307-1.shtml
94033,娱乐-贵州专题,贵州日报,http://ent.gog.com.cn/yulzt/guizzt/index.shtml
94034,汽车-用车知识,贵州日报,http://auto.gog.com.cn/weixmr/yongczx/
94037,新闻-人物,广州视窗,http://news.21cn.com/today/renwu/list1.shtml
94038,IT-IT教育,贵州日报,http://it.gog.com.cn/itjy/index.shtml
94040,企业-产品,福州新闻网,http://news.fznews.com.cn/qy/more.php?cid=11
94041,健康-女性,福州新闻网,http://health.fznews.com.cn/women/
94042,防城港-防城港新闻,广西新闻网,http://fcg.gxnews.com.cn/staticpages/more21772-1.html
94043,防城港-上山下海,广西新闻网,http://fcg.gxnews.com.cn/staticpages/more21778-1.html
94045,贵州财经,贵州日报,http://finance.gog.com.cn/yw/gzcjxw/
94046,柳州-房产·楼市,广西新闻网,http://lz.gxnews.com.cn/staticmores/310/20310-1.shtml
94050,新闻-时政,广西新闻网,http://news.gxnews.com.cn/staticpages/more486-1.shtml
94051,评论-图说新闻,贵州日报,http://comment.gog.com.cn/tusxw/index.shtml
94053,通讯员-科教文卫,广西新闻网,http://www.gxnews.com.cn/staticmores/895/27895-1.shtml
94054,新闻-国内,福州新闻网,http://news.fznews.com.cn/guonei/more/
94058,防城港-社会法制,广西新闻网,http://fcg.gxnews.com.cn/staticpages/more21784-1.html
94060,图片新闻,贵州日报,http://gzrb.gog.com.cn/tupxw/
94061,市县新闻·政经,贵州日报,http://gzrb.gog.com.cn/shixxwzj/
94063,IT-百姓IT,贵州日报,http://it.gog.com.cn/baixit/index.shtml
99481,家居-新闻-专题,安家啦,http://www.anjiala.com/news/zt/
99483,家居-新闻-调查,安家啦,http://www.anjiala.com/news/industry/
99486,家居-新闻-评测,安家啦,http://www.anjiala.com/news/pingce/
99487,家居-新闻-访谈,安家啦,http://www.anjiala.com/news/fangtan/
99488,家居-新闻-政策,安家啦,http://www.anjiala.com/news/poli/
99489,家居-新闻-曝光台,安家啦,http://www.anjiala.com/news/exposure/
99490,家居-新闻-产业剖析,安家啦,http://www.anjiala.com/news/chanjing/pouxi/
99491,家居-家具-沙发,安家啦,http://www.anjiala.com/furniture/shafa/
99492,家居-家具-茶几,安家啦,http://www.anjiala.com/furniture/chaji/
99493,家居-家具-床,安家啦,http://www.anjiala.com/furniture/bed/
99494,家居-家具-桌椅,安家啦,http://www.anjiala.com/furniture/zy/
99496,家居-家具-化妆台,安家啦,http://www.anjiala.com/furniture/hzt/
99497,家居-家具-电视柜,安家啦,http://www.anjiala.com/furniture/tvd/
99501,家居-家具-床头柜,安家啦,http://www.anjiala.com/furniture/ctg/
99502,家居-家具-鞋柜,安家啦,http://www.anjiala.com/furniture/xg/
99504,家居-建材-厨房-行业资讯,安家啦,http://www.anjiala.com/chufang/zhengtichufang/hyzx/
99505,家居-建材-厨房-橱柜,安家啦,http://www.anjiala.com/chufang/zhengtichufang/chugui/
99506,家居-建材-厨房-厨房设计,安家啦,http://www.anjiala.com/chufang/xinchufang/chufangsheji/
99507,家居-建材-厨房-洁净,安家啦,http://www.anjiala.com/chufang/xinchufang/qingjie/
99508,家居-建材-厨房-装修技巧,安家啦,http://www.anjiala.com/chufang/xinchufang/zhuangxiujiqiao/
99509,家电,腾讯,http://hea.qq.com/househindex.htm
99510,家电-家电新闻,腾讯,http://tech.qq.com/l/househ/heanews/list.htm
99511,家电-企业新闻,腾讯,http://tech.qq.com/l/househ/heanews/qyxw2.htm
99512,家电-行业资讯,腾讯,http://tech.qq.com/l/househ/heanews/hyzx2.htm
99513,家电-家电人物,腾讯,http://tech.qq.com/l/househ/heanews/jdrw2.htm
99514,家电-家电数据,腾讯,http://tech.qq.com/l/househ/heanews/jdsj2.htm
99536,数码-家电-家电行情,网易,http://tech.163.com/digi/special/001618VF/newprice.html
99537,数码-家电-家电评测滚动,网易,http://tech.163.com/digi/special/001618VS/jdtest_more.html
99542,新闻中心-国际频道,网易,http://news.163.com/world/
99546,家电-行业焦点,人民网,http://homea.people.com.cn/GB/41391/index.html
99547,家电-市场热点,人民网,http://homea.people.com.cn/GB/41393/index.html
99548,家电-企业视点,人民网,http://homea.people.com.cn/GB/41392/index.html
99549,家电-厨卫-新闻,人民网,http://homea.people.com.cn/GB/41411/100404/index.html
99550,家电-科技前沿,人民网,http://homea.people.com.cn/GB/100582/index.html
99554,家电-厨卫-导购,人民网,http://homea.people.com.cn/GB/41411/100407/index.html
99555,家电-厨卫-行情,人民网,http://homea.people.com.cn/GB/41411/100406/index.html
99556,家电-厨卫-技巧,人民网,http://homea.people.com.cn/GB/41411/100408/index.html
99558,家居-国际家具,人民网,http://jiaju.people.com.cn/GB/345668/345712/345717/index.html
99559,家居-儿童家具,人民网,http://jiaju.people.com.cn/GB/345668/345712/345718/index.html
99560,家居-板式家具,人民网,http://jiaju.people.com.cn/GB/345668/345712/345719/index.html
99561,家居-实木家具,人民网,http://jiaju.people.com.cn/GB/345668/345712/345720/index.html
99562,家居-红木家具,人民网,http://jiaju.people.com.cn/GB/345668/345712/345721/index.html
99564,家电-万家乐,人民网,http://homea.people.com.cn/GB/41416/57384/index.html
99566,家电-行情,人民网,http://homea.people.com.cn/GB/41411/100406/index.html
99575,科技-数码-家电,凤凰网,http://tech.ifeng.com/digi/ehome/list_0/0.shtml
99576,财经-管理-理论新知,凤凰网,http://finance.ifeng.com/leadership/llxz/index.shtml
99577,财经-管理-管理趋势,凤凰网,http://finance.ifeng.com/leadership/glqs/index.shtml
99578,财经-管理-企业战略,凤凰网,http://finance.ifeng.com/leadership/qyzl/index.shtml
99579,财经-管理-产业观察,凤凰网,http://finance.ifeng.com/leadership/cygc/index.shtml
99580,财经-管理-市场营销,凤凰网,http://finance.ifeng.com/leadership/scyx/index.shtml
99581,财经-管理-管理茶座,凤凰网,http://finance.ifeng.com/leadership/glcz/index.shtml
99582,财经-管理-观点时评,凤凰网,http://finance.ifeng.com/leadership/gdsp/index.shtml
99583,财经-管理-焦点人物,凤凰网,http://finance.ifeng.com/leadership/jdrw/index.shtml
99584,财经-管理-企业透视,凤凰网,http://finance.ifeng.com/leadership/qyts/index.shtml
99585,财经-管理-品牌管理,凤凰网,http://finance.ifeng.com/leadership/ppgl/index.shtml
99587,资讯-滚动新闻,凤凰网,http://news.ifeng.com/gundong/list_0/0.shtml
99590,家居-红黑榜,凤凰网,http://www.joyhouse.com.cn/zx/hongheibang/
99604,安居-产品评测,光明网,http://house.gmw.cn/node_10306.htm
99605,安居-创意单品,光明网,http://house.gmw.cn/node_10307.htm
99606,安??家居科技,光明网,http://house.gmw.cn/node_9304.htm
99607,安居-设计潮流,光明网,http://house.gmw.cn/node_9299.htm
99608,安居-明星家居,光明网,http://house.gmw.cn/node_9306.htm
99609,安居-装修宝典,光明网,http://house.gmw.cn/node_9298.htm
99610,安居-居家安康,光明网,http://house.gmw.cn/node_9303.htm
99611,安居-人物评论,光明网,http://house.gmw.cn/node_9311.htm
99612,安居-资讯,光明网,http://house.gmw.cn/node_9302.htm
99613,科技-家电,光明网,http://tech.gmw.cn/node_11266.htm
99615,科技-公司动态,光明网,http://tech.gmw.cn/node_4394.htm
99616,科技-创新成果,光明网,http://tech.gmw.cn/node_5557.htm
99617,科技-信息产业,光明网,http://tech.gmw.cn/node_10609.htm
99619,经济-区域经济,光明网,http://economy.gmw.cn/node_8985.htm
99646,家居-老总风采,千龙网,http://jiaju.qianlong.com/43408/more/45049/more45049.htm
99649,家居-橱柜衣柜,千龙网,http://jiaju.qianlong.com/43408/more/45081/more45081.htm
99651,家居-专题,千龙网,http://jiaju.qianlong.com/43408/more/45324/more45324.htm
99653,家居-卖场,千龙网,http://jiaju.qianlong.com/43408/more/45075/more45075.htm
99655,科技-家电-行业资讯,千龙网,http://hea.qianlong.com/47344/more/49834/more49834.htm
99656,科技-家电-信息发布,千龙网,http://hea.qianlong.com/47344/more/47370/more47370.htm
99663,生活-住装修攻略,中国新闻网,http://channel.chinanews.com/cns/cl/life-zzxgl.shtml
99664,生活-住时尚家具,中国新闻网,http://channel.chinanews.com/cns/cl/life-zssjj.shtml
99665,生活-住创意方案,中国新闻网,http://channel.chinanews.com/cns/cl/life-zcyfa.shtml
99669,新闻中心-即时新闻,东快网,http://news.dnkb.com.cn/list.php?category=1-149-
99672,新闻中心-福州新闻,东快网,http://news.dnkb.com.cn/list.php?category=1-316-
99673,新闻中心-国内新闻,东快网,http://news.dnkb.com.cn/list.php?category=1-154-
99674,新闻中心-台海新闻,东快网,http://news.dnkb.com.cn/list.php?category=1-148-
99677,电商中心-龙虎榜,速途网,http://www.sootoo.com/keyword/106268/
99687,新闻-专题,中华网,http://news.china.com/zh_cn/focus/index.html
99688,家居-橱柜,中华网,http://home.china.com/dg/cg/
99689,家居-卫浴,中华网,http://home.china.com/dg/wy/
99690,家居-家具,中华网,http://home.china.com/dg/jj/
99692,家居-装修宝典-装修知识,中华网,http://home.china.com/bd/zs/
99693,家居-装修宝典-创意家居,中华网,http://home.china.com/bd/cyjj/
99694,家居-滚动新闻,中华网,http://home.china.com/gundong/
99709,新闻点评会_评论_环球网,环球网,http://opinion.huanqiu.com/comment/
99720,新闻_渠道咨询,中国家电网,http://news.cheaa.com/qudao.shtml
99721,新闻_上市公司,中国家电网,http://news.cheaa.com/shangshi.shtml
99722,新闻_企业之声,中国家电网,http://news.cheaa.com/qiye.shtml
99723,新闻_上游咨询,中国家电网,http://news.cheaa.com/shangyou.shtml
99724,新闻_市场动态,中国家电网,http://news.cheaa.com/shichang.shtml
99730,小家电_咨询中心_行业动态,慧聪网,http://info.xjd.hc360.com/list/list_hydt.shtml
99732,小家电_咨询中心_新品信息,慧聪网,http://info.xjd.hc360.com/list/list_xpxx.shtml
99733,小家电_咨询中心_产品评测,慧聪网,http://info.xjd.hc360.com/list/list_cppc.shtml
99734,小家电_咨询中心_行业渠道,慧聪网,http://info.xjd.hc360.com/list/list_hyqd.shtml
99735,小家电_咨询中心_曝光台,慧聪网,http://info.xjd.hc360.com/list/list_zlbgt.shtml
99737,小家电_吸油烟机_烟机动态,慧聪网,http://info.homea.hc360.com/list/zx_yjdt.shtml
99738,小家电_吸油烟机_深度分析,慧聪网,http://info.homea.hc360.com/list/zx_yjyd.shtml
99745,eNet家电_评测,硅谷动力,http://www.enet.com.cn/digitalhome/alist0_3_0.html
99763,生活家电_新品,天极网,http://life.yesky.com/more/107176_15474_xwyc_1.shtml
99767,生活家电_编辑推荐,天极网,http://life.yesky.com/more/107176_15474_bjtj_1.shtml
99769,生活家电_有问必答,天极网,http://life.yesky.com/more/107176_15474_ywbd_1.shtml
99773,新闻_宏观视点,中国家电在线,http://www.eaonline.com.cn/info/infoListnews.dll?id=83
99780,新闻_家电聚焦,家电导购网,http://www.51mjd.com/toplistb.asp?id=110
99801,人物专访,温州家电网,http://www.wzjdw.com/rwzf.asp
99810,千龙家电_要闻资讯_要闻,千龙网,http://hea.qianlong.com/47344/more/49766/more49766.htm
99812,千龙家电_要闻资讯_资讯,千龙网,http://hea.qianlong.com/47344/more/49767/more49767.htm
99813,千龙家电_要闻资讯_政策,千龙网,http://hea.qianlong.com/47344/more/49768/more49768.htm
99814,千龙家电_信息发布,千龙网,http://hea.qianlong.com/47344/more/47370/more47370.htm
99815,千龙家电_渠道服务_售后服务,千龙网,http://hea.qianlong.com/47344/more/49836/more49836.htm
99816,千龙家电_生活电器_厨卫电器,千龙网,http://hea.qianlong.com/47344/more/49813/more49813.htm
99817,千龙家电_生活电器_小家电,千龙网,http://hea.qianlong.com/47344/more/49814/more49814.htm
99821,厨卫家电_新品,太平洋电脑网,http://kitchen.pconline.com.cn/newProd/
99822,厨卫家电_评测,太平洋电脑网,http://kitchen.pconline.com.cn/review/
99824,厨卫家电_导购,太平洋电脑网,http://kitchen.pconline.com.cn/guide/
99840,家居_家电,北方网,http://house.enorth.com.cn/jjjz/jjjc/jd/index.shtml
99842,家电_黑榜,大众网,http://elec.dzwww.com/hb/
99855,早报早知道,东方早报网,http://www.dfdaily.com/html/2/list_1.shtml
99901,新闻_在线原创,浙江在线,http://zjnews.zjol.com.cn/05zjnews/origin_news/index.shtml
99906,家居_生活,杭州网,http://home.hangzhou.com.cn/article_list.php?article_class=43
99909,和讯科技_家电_白色家电,和讯,http://digi.hexun.com/bsjd/
99910,和讯科技_家电_小家电,和讯,http://digi.hexun.com/xjd/
99911,和讯评析_财经评论,和讯,http://opinion.hexun.com/cjrw/
99918,和瑞财经_产经热点,和瑞网,http://finance.horise.com/cjrd/
99927,产经_机械电器,中财网,"http://industry.cfi.cn/BCA0A1A1653A1655,DGS_A0A1A1653A1654_gy2.html"
99928,产经_工业集团,中财网,"http://industry.cfi.cn/BCA0A1A1653A1655,DGS_A0A1A1653A1654_gy6.html"
99929,产经_耐用消费品,中财网,"http://industry.cfi.cn/BCA0A1A1653A1655,DGS_A0A1A1653A1654_xjxf2.html"
99930,产经_超市.大卖场,中财网,"http://industry.cfi.cn/BCA0A1A1653A1655,DGS_A0A1A1653A1654_rcxf6.html"
99933,品牌频道_行业动态,中经网,http://luxury.ce.cn/html/hydt/
99934,品牌频道_行业动态_维权时空,中经网,http://luxury.ce.cn/html/hydt/wqsk/
99941,财经频道_消费,中金在线,http://news.cnfol.com/1603/
99945,股票频道_个股资讯,中金在线,http://gegu.stock.cnfol.com/1332/
99951,股民呼叫中心,全景网,http://315.p5w.net/front/index.jsp
99954,财经频道_财经要闻,全景网,http://www.p5w.net/news/cjyw/
99956,新闻_民生消费,全景网,http://www.cs.com.cn/xwzx/09/
99957,新闻_产业经济,全景网,http://www.cs.com.cn/xwzx/05/
99970,股票_上市公司,中国资本证券网,http://www.ccstock.cn/stock/gongsi/
99984,经济信息,中国企业联合会,http://www.cec-ceda.org.cn/more_news.php?sid=20
99986,图片要闻,中国企业联合会,http://www.cec-ceda.org.cn/more_yw.php?sid=1
100007,企业,中国新闻网,http://www.gov.cn/banshi/qy/hyxxsj.htm
100011,新闻发布,中国新闻网,http://xwzx.ndrc.gov.cn/
100014,各地快讯,安全监管总局,http://www.chinasafety.gov.cn/newpage/gdkx/gdkx.htm
100019,每日更新,商务部,http://www.mofcom.gov.cn/column/todayupdateoncle.shtml?www/2011/11/20111118
100024,今日焦点,消费者之声,http://www.315se.com/news/
100025,质检发布_抽查公告,消费者之声,http://www.315se.com/zhijian/chucha/
100026,消费警示,消费者之声,http://www.315se.com/jingshi/
100035,公司法制,资本市场法治网,http://www.chinacapitallaw.com/lm.asp?channel=%B9%AB%CB%BE%B7%A8%D6%CE
100038,新闻频道_国内新闻_消费,东南消费网,http://www.dnxf.com/news/china/xiaofei/
100039,新闻频道_国内新闻_IT家电数码,东南消费网,http://www.dnxf.com/news/china/dianzi/
100040,新闻频道_国内新闻_建材家居,东南消费网,http://www.dnxf.com/news/china/jc/
100041,投诉频道,东南消费网,http://www.dnxf.com/complain/
100042,投诉频道_产品,东南消费网,http://www.dnxf.com/complain/cp/
100043,投诉频道_服务,东南消费网,http://www.dnxf.com/complain/fw/
100064,家居指南,维权在线,http://www.xfdk.com.cn/jiajv/
